airline_name,iata_code,icao_code,callsign,country
1Time Airline,1T,RNX,NEXTIME,South Africa
40-Mile Air,Q5,MLA,MILE-AIR,United States
Ansett Australia,AN,AAA,ANSETT,Australia
Abacus International,1B,,,Singapore
Abelag Aviation,W9,AAB,ABG,Belgium
Aigle Azur,ZI,AAF,AIGLE AZUR,France
Aloha Airlines,AQ,AAH,ALOHA,United States
American Airlines,AA,AAL,AMERICAN,United States
Asiana Airlines,OZ,AAR,ASIANA,Republic of Korea
Askari Aviation,4K,AAS,AL-AAS,Pakistan
Afriqiyah Airways,8U,AAW,AFRIQIYAH,Libya
Afrinat International Airlines,Q9,AFU,,Gambia
Allegiant Air,G4,AAY,ALLEGIANT,United States
Aban Air,K5,ABE,ABAN,Iran
ABSA - Aerolinhas Brasileiras,M3,TUS,ABSA Cargo,Brazil
Airborne Express,GB,ABX,ABEX,United States
ABX Air,GB,ABX,ABEX,United States
Astral Aviation,8V,ACP,ASTRAL CARGO,Kenya
Aero Asia International,E4,RSO,AERO ASIA,Pakistan
Air Togo,YT,TGA,AIR TOGO,Togo
Advance Leasing Company,4G,,,United States
Aztec Worldwide Airlines,7A,,,United States
Air Tindi,8T,,,Canadian Territories
Ada Air,ZY,ADE,ADA AIR,Albania
ADC Airlines,Z7,ADK,ADCO,Nigeria
Adria Airways,JP,ADR,ADRIA,Slovenia
Air Europa,UX,AEA,EUROPA,Spain
Aero Benin,EM,AEB,AEROBEN,Benin
Aegean Airlines,A3,AEE,AEGEAN,Greece
Air Atlantique,KI,AAG,ATLANTIC,United Kingdom
Air Europe,PE,AEL,AIR EUROPE,Italy
Alaska Central Express,KO,AER,ACE AIR,United States
Astraeus,5W,AEU,FLYSTAR,United Kingdom
Aerosvit Airlines,VV,AEW,AEROSVIT,Ukraine
Air Italy,I9,AEY,AIR ITALY,Italy
American Falcon,WK,AFB,AMERICAN FALCON,Argentina
Alliance Airlines,QQ,UTY,UNITY,Australia
Ariana Afghan Airlines,FG,AFG,ARIANA,Afghanistan
Aeroflot Russian Airlines,SU,AFL,AEROFLOT,Russia
Air Bosna,JA,BON,AIR BOSNA,Bosnia and Herzegovina
Air France,AF,AFR,AIRFRANS,France
Air Caledonie International,SB,ACI,AIRCALIN,France
Air Gabon,GN,AGN,GOLF NOVEMBER,Gabon
Air Salone,2O,,,Sierra Leone
Air Cargo Carriers,2Q,SNC,NIGHT CARGO,United States
Air Senegal International,V7,SNG,AIR SENEGAL,Senegal
Air Namibia,SW,NMB,NAMIBIA,Namibia
Air Service Gabon,G8,AGB,,Gabon
Aerolitoral,5D,SLI,COSTERA,Mexico
Amadeus Global Travel Distribution,1A,AGT,AMADEUS,Spain
Air Glaciers,7T,AGV,AIR GLACIERS,Switzerland
Aeroper,PL,PLI,Aeroperu,Peru
Atlas Blue,8A,BMM,ATLAS BLUE,Morocco
Air Alpha Greenland,GD,AHA,AIR ALPHA,Denmark
Air Hong Kong,LD,AHK,AIR HONG KONG,Hong Kong
Aeromist-Kharkiv,HT,AHW,AEROMIST,Ukraine
Azerbaijan Airlines,J2,AHY,AZAL,Azerbaijan
Avies,U3,AIA,AVIES,Estonia
Airbus Industrie,AP,AIB,AIRBUS INDUSTRIE,France
Alpine Air Express,5A,AIP,ALPINE AIR,United States
Airblue,ED,ABQ,PAKBLUE,Pakistan
Air Berlin,AB,BER,AIR BERLIN,Germany
Air Contractors,AG,ABR,CONTRACT,Ireland
Air India Limited,AI,AIC,AIRINDIA,India
Air Bourbon,ZB,BUB,BOURBON,Reunion
Air Atlanta Icelandic,CC,ABD,ATLANTA,Iceland
Air Srpska,RB,SBK,Air Srpska,Bosnia and Herzegovina
Air Tahiti Nui,TN,THT,TAHITI AIRLINES,France
Aero Services Executive,W4,BES,BIRD EXPRESS,France
Arkia Israel Airlines,IZ,AIZ,ARKIA,Israel
Air Jamaica,JM,AJM,JAMAICA,Jamaica
Air One,AP,ADH,HERON,Italy
Air Sahara,S2,RSH,SAHARA,India
Air Malta,KM,AMC,AIR MALTA,Malta
Amerijet International,M6,AJT,AMERIJET,United States
Air Japan,NQ,AJX,AIR JAPAN,Japan
Air Kiribati,4A,AKL,,Kiribati
Air Nippon Network Co. Ltd.,EH,AKX,ALFA WING,Japan
America West Airlines,HP,AWE,CACTUS,United States
Air Wisconsin,ZW,AWI,AIR WISCONSIN,United States
Tatarstan Airlines,U9,TAK,TATARSTAN,Russia
Air Libert,VD,,,France
Air Lithuania,TT,KLA,KAUNAS,Lithuania
Air Malawi,QM,AML,MALAWI,Malawi
Air Sicilia,BM,,,Italy
Air Macau,NX,AMU,AIR MACAO,Macao
Air Midwest,ZV,AMW,AIR MIDWEST,United States
Air Seychelles,HM,SEY,SEYCHELLES,Seychelles
AeroMéxico,AM,AMX,AEROMEXICO,Mexico
All Nippon Airways,NH,ANA,ALL NIPPON,Japan
Air Nostrum,YW,ANE,AIR NOSTRUM,Spain
Air Niugini,PX,ANG,NUIGINI,Papua New Guinea
Air Arabia,G9,ABY,ARABIA,United Arab Emirates
Air Canada,AC,ACA,AIR CANADA,Canada
Air Baltic,BT,BTI,AIRBALTIC,Latvia
Air Nippon,EL,ANK,ANK AIR,Japan
Airnorth,TL,ANO,TOPEND,Australia
Air North Charter - Canada,4N,ANT,AIR NORTH,Canada
AOM French Airlines,IW,AOM,French Lines,France
Air New Zealand,NZ,ANZ,NEW ZEALAND,New Zealand
AVCOM,J6,AOC,AERO AVCOM,Russia
Aero VIP,2D,AOG,AVIP,Argentina
Air Vegas,6V,VGA,AIR VEGAS,United States
Alitalia Express,XM,SMX,ALIEXPRESS,Italy
Asia Overnight Express,OE,AOT,ASIA OVERNIGHT,Philippines
Aero Flight,GV,ARF,Aero Fox,Germany
Arrow Air,JW,APW,BIG A,United States
Arik Air,W3,ARA,ARIK AIR,Nigeria
Aerocondor,2B,ARD,AEROCONDOR,Portugal
Aires,4C,ARE, Aerovias de Integracion Regional, S.A.
Aerolineas Argentinas,AR,ARG,ARGENTINA,Argentina
Air Armenia,QN,ARR,AIR ARMENIA,Armenia
Alaska Airlines,AS,ASA, Inc.,ALASKA
Air Sinai,4D,ASD,AIR SINAI,Egypt
Airstars,PL,ASE,MOROZOV,Russia
Atlantic Southeast Airlines,EV,ASQ,ACEY,United States
Astrakhan Airlines,OB,ASZ,AIR ASTRAKHAN,Russia
Air Tanzania,TC,ATC,TANZANIA,Tanzania
Air Burkina,2J,VBW,BURKINA,Burkina Faso
Aero-Tropics Air Services,HC,ATI,,Australia
Airlines Of Tasmania,FO,ATM,AIRTAS,Australia
Air Saint Pierre,PJ,SPM,,France
Air Transport International,8C,ATN,AIR TRANSPORT,United States
Austrian Airlines,OS,AUA,AUSTRIAN,Austria
Augsburg Airways,IQ,AUB,AUGSBURG-AIR,Germany
AirBridge Cargo,RU,ABW,AIRBRIDGE CARGO,Russia
Abu Dhabi Amiri Flight,MO,AUH,SULTAN,United Arab Emirates
Aeroflot-Nord,5N,AUL,DVINA,Russia
Aurigny Air Services,GR,AUR,AYLINE,United Kingdom
Aus-Air,NO,AUS,,Australia
Austral Lineas Aereas,AU,AUT,AUSTRAL,Argentina
Australian Airlines,AO,AUZ,AUSTRALIAN,Australia
Avianca - Aerovias Nacionales de Colombia,AV,AVA, S.A.,AVIANCA
Air Vanuatu,NF,AVN,AIR VAN,Vanuatu
Airlink Zambia,K8,ZAK,,Zambia
Air Bangladesh,B9,BGD,AIR BANGLA,Bangladesh
Air Mediterranee,DR,BIE,MEDITERRANEE,France
Aeroline GmbH,7E,AWU,SYLT-AIR,Germany
Air Wales,6G,AWW,RED DRAGON,United Kingdom
Air Caraïbes,TX,FWI,FRENCH WEST,France
Air India Express,IX,AXB,EXPRESS INDIA,India
Asian Express Airlines,HJ,AXF,FREIGHTEXPRESS,Australia
Air Exel,XT,AXL,EXEL COMMUTER,Netherlands
AirAsia,AK,AXM,ASIAN EXPRESS,Malaysia
Axis Airways,6V,AXY,AXIS,France
Atlant-Soyuz Airlines,3G,AYZ,ATLANT-SOYUZ,Russia
Alitalia,AZ,AZA,ALITALIA,Italy
Arcus-Air Logistic,ZE,AZE,ARCUS AIR,Germany
Amaszonas,Z8,AZN,,Bolivia
Air Zimbabwe,UM,AZW,AIR ZIMBABWE,Zimbabwe
Aserca Airlines,R7,OCA,AROSCA,Venezuela
Rossiya-Russian Airlines,FV,SDM,PULKOVO,Russia
Aviaexpress,RX,AEH,Avex,Hungary
American Eagle Airlines,MQ,EGF,EAGLE FLIGHT,United States
Airshop,FF,,,Netherlands
African Transport Trading and Investment Company,ML,,,Sudan
Air Ivoire,VU,VUN,AIRIVOIRE,Ivory Coast
Air Botswana,BP,BOT,BOTSWANA,Botswana
Air Foyle,GS,UPA,FOYLE,United Kingdom
Air Tahiti,VT,VTA,AIR TAHITI,French Polynesia
Air Urga,3N,URG,URGA,Ukraine
Air VIA,VL,VIM,,Bulgaria
Africa West,FK,WTA,WEST TOGO,Togo
Avirex,G2,VXG,AVIREX-GABON,Gabon
ATRAN Cargo Airlines,V8,VAS,ATRAN,Russian Federation
Avensa,VE,AVE,Avensa,Venezuela
Avolar Aerolineas,V5,VLI,AEROVOLAR,Mexico
Air China,CA,CCA,AIR CHINA,China
Aero Condor Peru,Q6,CDP,CONDOR-PERU,Peru
Arctic Circle Air Service,5F,CIR,AIR ARCTIC,United States
Air Corridor,QC,CRD,AIR CORRIDOR,Mozambique
Air Central,NV,CRF,AIR CENTRAL,Japan
Air Chathams,CV,CVA,CHATHAM,New Zealand
Air Marshall Islands,CW,CWM,AIR MARSHALLS,Marshall Islands
Access Air,ZA,CYD,CYCLONE,United States
Air Algerie,AH,DAH,AIR ALGERIE,Algeria
Adam Air,KI,DHI,ADAM SKY,Indonesia
Astar Air Cargo,ER,DHL,DAHL,United States
Antinea Airlines,HO,DJA,ANTINEA,Algeria
Air Dolomiti,EN,DLA,DOLOMOTI,Italy
Aeroflot-Don,D9,DNV,DONAVIA,Russia
Air Madrid,NM,DRD,ALADA AIR,Spain
Aero Airlines,EE,EAY,REVAL,Estonia
Air City,4F,ECE,AIRCITY,Germany
Aer Lingus,EI,EIN,SHAMROCK,Ireland
Alpi Eagles,E8,ELG,ALPI EAGLES,Italy
Air S,KY,EQL,EQUATORIAL,Air S
Air Fiji,PC,FAJ,FIJIAIR,Fiji
Air Finland,OF,FIF,AIR FINLAND,Finland
Air Pacific,FJ,FJI,PACIFIC,Fiji
Atlantic Airways,RC,FLI,FAROELINE,Faroe Islands
Air Florida,QH,FLZ,AIR FLORIDA,United States
Air Iceland,NY,FXI,FAXI,Iceland
Air Philippines,2P,GAP,ORIENT PACIFIC,Philippines
Air Georgian,ZX,GGN,GEORGIAN,Canada
Air Guinee Express,2U,GIP,FUTURE EXPRESS,Guinea
Amber Air,0A,GNT,GINTA,Lithuania
Air Georgia,DA,GRG,AIR GEORGIA,Georgia
Air Greenland,GL,GRL,GREENLAND,Denmark
Allegro,LL,GRO,ALLEGRO,Mexico
Atlas Air,5Y,GTI,GIANT,United States
Air Guyane,GG,GUY,GREEN BIRD,French Guiana
Air D'Ayiti,H9,HAD,HAITI AVIA,Haiti
Air Comores International,GG,HAH,AIR COMORES,Comoros
Air Horizon,8C,HZT,HORIZON TOGO,Togo
Air Bagan,W9,JAB,AIR BAGAN,Myanmar
Atyrau Air Ways,IP,JOL,EDIL,Kazakhstan
Air Canada Jazz,QK,JZA,JAZZ,Canada
Atlasjet,KK,KKK,ATLASJET,Turkey
Air Koryo,JS,KOR,AIR KORYO,Democratic People's Republic of Korea
Air Astana,KC,KZR,ASTANALINE,Kazakhstan
Albanian Airlines,LV,LBC,ALBANIAN,Albania
Alidaunia,D4,LID,ALIDA,Italy
Alliance Air,CD,LLR,ALLIED,India
Aerolane,XL,LNE,LAN ECUADOR,Ecuador
Air Alps Aviation,A6,LPV,ALPAV,Austria
Atlantis European Airways,TD,LUR,,Armenia
Air Luxor GB,L8,LXG,LUXOR GOLF,Guinea-Bissau
Air Luxor,LK,LXR,AIRLUXOR,Portugal
Air Mauritius,MK,MAU,AIRMAURITIUS,Mauritius
Air Madagascar,MD,MDG,AIR MADAGASCAR,Madagascar
Air Moldova,9U,MLD,AIR MOLDOVA,Moldova
Aero Mongolia,M0,MNG,AERO MONGOLIA,Mongolia
Air Plus Comet,A7,MPD,RED COMET,Spain
Aeromexpress,QO,MPX,AEROMEXPRESS,Mexico
Air Mauritanie,MR,MRT,MIKE ROMEO,Mauritania
Aeroland Airways,3S,,,Greece
Astair,8D,,,Russian Federation
Albarka Air,F4,NBK,AL-AIR,Nigeria
Aero Contractors,AJ,NIG,AEROLINE,Nigeria
Air Burundi,8Y,PBU,AIR-BURUNDI,Burundi
Aeropelican Air Services,OT,PEL,PELICAN,Australia
Air Paradise International,AD,PRZ,RADISAIR,Indonesia
Air Class Lineas Aereas,QD,QCL,ACLA,Uruguay
African Safari Airways,QS,QSC,ZEBRA,Kenya
Airbus France,4Y,RBU,AIRBUS FRANCE,France
Air Mobility Command,MC,RCH,REACH,United States
Aer Arann,RE,REA,AER ARANN,Ireland
Air Austral,UU,REU,REUNION,France
Asian Spirit,6K,RIT,ASIAN SPIRIT,Philippines
Air Afrique,RK,RKA,AIRAFRIC,Ivory Coast
Airlinair,A5,RLA,AIRLINAIR,France
Aero Lanka,QL,RLN,AERO LANKA,Sri Lanka
Armenian International Airways,MV,RML,,Armenia
Air Salone,20,RNE,AIR SALONE,Sierra Leone
Armavia,U8,RNV,ARMAVIA,Armenia
Aeromar,BQ,ROM,BRAVO QUEBEC,Dominican Republic
AeroRep,P5,RPB,AEROREPUBLICA,Colombia
Aero-Service,BF,RSR,CONGOSERV,Republic of the Congo
Aerosur,5L,RSU,AEROSUR,Bolivia
Air Santo Domingo,EX,SDO,AERO DOMINGO,Dominican Republic
Aero California,JR,SER,AEROCALIFORNIA,Mexico
Avient Aviation,Z3,SMJ,AVAVIA,Zimbabwe
Air Service,M3,SPJ,AIR SKOPJE,Macedonia
Air Slovakia,GM,SVK,SLOVAKIA,Slovakia
Aircompany Yakutia,R3,SYL,AIR YAKUTIA,Russia
Aeromar,VW,TAO,TRANS-AEROMAR,Mexico
Air Turks and Caicos,JY,TCI,KERRMONT,Turks and Caicos Islands
Arkefly,OR,TFL,ARKEFLY,Netherlands
Airlines PNG,CG,TOK,BALUS,Papua New Guinea
Air Cal,TY,TPC,AIRCAL,France
AirTran Airways,FL,TRS,CITRUS,United States
Air Transat,TS,TSC,TRANSAT,Canada
Avialeasing Aviation Company,EC,TWN,TWINARROW,Uzbekistan
Tyrolean Airways,VO,TYR,TYROLEAN,Austria
Aero-Charter Ukraine,DW,UCR,CHARTER UKRAINE,Ukraine
Air Ukraine,6U,UKR,AIR UKRAINE,Ukraine
Aerolineas Galapagos (Aerogal),2K,GLG,AEROGAL,Ecuador
Alrosa Mirny Air Enterprise,6R,DRU,MIRNY,Russia
Baker Aviation,8Q,BAJ,BAKER AVIATION,United States
British Airways,BA,BAW,SPEEDBIRD,United Kingdom
Biman Bangladesh Airlines,BG,BBC,BANGLADESH,Bangladesh
Bluebird Cargo,BF,BBD,BLUE CARGO,Iceland
BACH Flugbetriebsges,B4,BCF,BACH,Austria
Blue Dart Aviation,BZ,BDA,BLUE DART,India
B&H Airlines,JA,BON,Air Bosna,Bosnia and Herzegovina
Buffalo Airways,J4,BFL,BUFFALO,Canada
Benin Golf Air,A8,BGL,BENIN GOLF,Benin
Belair Airlines,4T,BHP,BELAIR,Switzerland
Bahamasair,UP,BHS,BAHAMAS,Bahamas
Bringer Air Cargo Taxi Aereo,E6,,,Brazil
Balkan Bulgarian Airlines,LZ,,,
BA Connect,TH,,,United Kingdom
British International Helicopters,BS,BIH,BRINTEL,United Kingdom
Bankair,B4,BKA,BANKAIR,United States
Bangkok Airways,PG,BKP,BANGKOK AIR,Thailand
Blue1,KF,BLF,BLUEFIN,Finland
Bearskin Lake Air Service,JV,BLS,BEARSKIN,Canada
Bellview Airlines,B3,BLV,BELLVIEW AIRLINES,Nigeria
bmi,BD,BMA,MIDLAND,United Kingdom
bmibaby,WW,BMI,BABY,United Kingdom
Bemidji Airlines,CH,BMJ,BEMIDJI,United States
Bismillah Airlines,5Z,BML,BISMILLAH,Bangladesh
Bouraq Indonesia Airlines,BO,BOU,BOURAQ,Indonesia
Blue Panorama Airlines,BV,BPA,BLUE PANOROMA,Italy
BRA-Transportes Aereos,7R,BRB,BRA-TRANSPAEREOS,Brazil
Bering Air,8E,BRG,BERING AIR,United States
Belavia Belarusian Airlines,B2,BRU,BELARUS AVIA,Belarus
Bravo Air Congo,K6,BRV,BRAVO,Democratic Republic of the Congo
Braniff International Airways,BN,BNF,Braniff,United States
Big Sky Airlines,GQ,BSY,BIG SKY,United States
BAL Bashkirian Airlines,V9,BTC,BASHKIRIAN,Russia
Metro Batavia,7P,BTV,BATAVIA,Indonesia
Berjaya Air,J8,BVT,BERJAYA,Malaysia
Blue Wings,QW,BWG,BLUE WINGS,Germany
BAX Global,8W,,,
Bayu Indonesia Air,BM,BYE,BAYU,Indonesia
Brit Air,DB,BZH,BRITAIR,France
Boston-Maine Airways,E9,CXS,CLIPPER CONNECTION,United States
Brussels Airlines,SN,DAT,BEE-LINE,Belgium
Binter Canarias,NT,IBB,,Spain
Blue Air,0B,JOR,BLUE TRANSPORT,Romania
British Mediterranean Airways,KJ,LAJ,BEE MED,United Kingdom
Bulgaria Air,FB,LZB,FLYING BULGARIA,Bulgaria
Barents AirLink,8N,NKF,NORDFLIGHT,Sweden
CAL Cargo Air Lines,5C,ICL,CAL,Israel
CHC Airways,AW,SCH,,Netherlands
Calima Aviacion,XG,CLI,CALIMA,Spain
Calm Air,MO,CAV,CALM AIR,Canada
Camai Air,R9,CAM,AIR CAMAI,United States
Cameroon Airlines,UY,UYC,CAM-AIR,Cameroon
CanJet,C6,CJA,CANJET,Canada
Canadian Airlines,CP,CDN,CANADIAN,Canada
Canadian North,5T,MPE,EMPRESS,Canada
Canadian Western Airlines,W2,CWA,CANADIAN WESTERN,Canada
Cape Air,9K,KAP,CAIR,United States
Capital Cargo International Airlines,PT,CCI,CAPPY,United States
Cargo 360,GG,GGC,LONG-HAUL,United States
Cargoitalia,2G,CRG,WHITE PELICAN,Italy
Cargojet Airways,W8,CJT,CARGOJET,Canada
Cargolux,CV,CLX,CARGOLUX,Luxembourg
Caribbean Airlines,BW,BWA,CARIBBEAN AIRLINES,Trinidad and Tobago
Caribbean Star Airlines,8B,GFI,CARIB STAR,Antigua and Barbuda
Carpatair,V3,KRP,CARPATAIR,Romania
Caspian Airlines,RV,CPN,CASPIAN,Iran
Cathay Pacific,CX,CPA,CATHAY,Hong Kong SAR of China
Cayman Airways,KX,CAY,CAYMAN,Cayman Islands
Cebu Pacific,5J,CEB,CEBU AIR,Philippines
Centavia,7N,CNA,,Serbia
Centralwings,C0,CLW,CENTRALWINGS,Poland
Centre-Avia,J7,CVC,AVIACENTRE,Russia
Centurion Air Cargo,WE,CWC,CHALLENGE CARGO,United States
Chalk's Ocean Airways,OP,CHK,CHALKS,United States
Champion Air,MG,CCP,CHAMPION AIR,United States
Changan Airlines,2Z,CGN,CHANGAN,China
Chari Aviation Services,S8,CSU,CHARI SERVICE,Chad
Chautauqua Airlines,RP,CHQ,CHAUTAUQUA,United States
Chicago Express,C8,WDY,WINDY CITY,United States
China Airlines,CI,CAL,DYNASTY,Taiwan
China Cargo Airlines,CK,CKK,CARGO KING,China
China Eastern Airlines,MU,CES,CHINA EASTERN,China
China Northern Airlines,CJ,CBF,CHINA NORTHERN,China
China Northwest Airlines,WH,CNW,CHINA NORTHWEST,China
China Postal Airlines,8Y,CYZ,CHINA POST,China
China Southern Airlines,CZ,CSN,CHINA SOUTHERN,China
China United Airlines,HR,CUA,LIANHANG,China
China Xinhua Airlines,XO,CXH,XINHUA,China
Yunnan Airlines,3Q,CYH,YUNNAN,China
Chitaavia,X7,CHF,CHITA,Russia
Cielos Airlines,A2,CIU,CIELOS,Peru
Cimber Air,QI,CIM,CIMBER,Denmark
Cirrus Airlines,C9,RUS,CIRRUS AIR,Germany
City Airline,CF,SDR,SWEDESTAR,Sweden
City Connexion Airlines,G3,CIX,CONNEXION,Burundi
CityJet,WX,BCY,CITY-IRELAND,Ireland
BA CityFlyer,CJ,CFE,FLYER,United Kingdom
Civil Air Transport,CT,CAT,Mandarin,Taiwan
Club Air,6P,ISG,CLUBAIR,Italy
Coast Air,BX,CST,COAST CENTER,Norway
Coastal Air,DQ,,U.S. Virgin Islands,United States
Colgan Air,9L,CJC,COLGAN,United States
Comair,OH,COM,COMAIR,United States
Comair,MN,CAW,COMMERCIAL,South Africa
CommutAir,C5,UCA,COMMUTAIR,United States
Comores Airlines,KR,CWK,CONTICOM,Comoros
Compania Mexicargo,GJ,MXC,MEXICARGO,Mexico
Compass Airlines,CP,CPZ,Compass Rose,United States
Condor Flugdienst,DE,CFG,CONDOR,Germany
Consorcio Aviaxsa,6A,CHP,AVIACSA,Mexico
Contact Air,C3,KIS,CONTACTAIR,Germany
Continental Airlines,CO,COA,CONTINENTAL,United States
Continental Airways,PC,PVV,CONTAIR,Russia
Continental Express,CO,,JETLINK,United States
Continental Micronesia,CS,CMI,AIR MIKE,United States
Conviasa,V0,VCV,CONVIASA,Venezuela
Copa Airlines,CM,CMP,COPA,Panama
Corsairfly,SS,CRL,CORSAIR,France
Corse-Mediterranee,XK,CCM,CORSICA,France
Cosmic Air,F5,COZ,COSMIC AIR,Nepal
Croatia Airlines,OU,CTN,CROATIA,Croatia
Crossair Europe,QE,ECC,Cigogne,Switzerland
Cubana de Aviación,CU,CUB,CUBANA,Cuba
Cyprus Airways,CY,CYP,CYPRUS,Cyprus
Cyprus Turkish Airlines,YK,,,Turkey
Czech Airlines,OK,CSA,CSA-LINES,Czech Republic
DAS Air Cargo,WD,DSR,DAIRAIR,Uganda
DAT Danish Air Transport,DX,DTR,DANISH,Denmark
DHL International,ES,DHX,DILMUN,Bahrain
DHL de Guatemala,L3,JOS,,Guatemala
Daallo Airlines,D3,DAO,DALO AIRLINES,Djibouti
Dagestan Airlines,N2,DAG,DAGAL,Russia
Dalavia,H8,KHB,DALAVIA,Russia
Darwin Airline,0D,DWT,DARWIN,Switzerland
Dauair,D5,DAU,DAUAIR,Germany
Delta Air Lines,DL,DAL,DELTA,United States
Deutsche Bahn,2A,,,Germany
Deutsche Rettungsflugwacht,1I,AMB,CIVIL AIR AMBULANCE,Germany
Dinar,D7,RDN,AERO DINAR,Argentina
Dirgantara Air Service,AW,DIR,DIRGANTARA,Indonesia
Discovery Airways,DH,DVA,DISCOVERY AIRWAYS,United States
Djibouti Airlines,D8,DJB,DJIBOUTI AIR,Djibouti
Dominicana de Aviaci,DO,DOA,DOMINICANA,Dominican Republic
Domodedovo Airlines,E3,DMO,DOMODEDOVO,Russia
DonbassAero,5D,UDC,DONBASS AERO,Ukraine
Dragonair,KA,HDA, Hong Kong Dragon Airlines,DRAGON
Druk Air,KB,DRK,ROYAL BHUTAN,Bhutan
dba,DI,BAG,SPEEDWAY,Germany
Electronic Data Systems,1C,,,Switzerland
EUjet,VE,EUJ,UNION JET,Ireland
EVA Air,BR,EVA,EVA,Taiwan
Eagle Air,H7,,,Uganda
East African,QU,UGX,CRANE,Uganda
East African Safari Air,S9,HSA,DUMA,Kenya
Eastern Airways,T3,EZE,EASTFLIGHT,United Kingdom
Eastland Air,DK,ELA,,Australia
Eastwind Airlines,W9,SGR,STINGER,United States
Edelweiss Air,WK,EDW,EDELWEISS,Switzerland
Egyptair,MS,MSR,EGYPTAIR,Egypt
El Al Israel Airlines,LY,ELY,ELAL,Israel
El-Buraq Air Transport,UZ,BRQ,BURAQAIR,Libya
Emirates,EK,UAE,EMIRATES,United Arab Emirates
Empire Airlines,EM,CFS,EMPIRE AIR,United States
Empresa Ecuatoriana De Aviacion,EU,EEA,ECUATORIANA,Ecuador
Enkor JSC,G8,ENK,ENKOR,Russia]]
Eos Airlines,E0,ESS,NEW DAWN,United States
Eritrean Airlines,B8,ERT,ERITREAN,Eritrea
Estafeta Carga Aerea,E7,ESF,,Mexico
Estonian Air,OV,ELL,ESTONIAN,Estonia
Ethiopian Airlines,ET,ETH,ETHIOPIAN,Ethiopia
Etihad Airways,EY,ETD,ETIHAD,United Arab Emirates
Euro Exec Express,RZ,,,Sweden
Eurocypria Airlines,UI,ECA,EUROCYPRIA,Cyprus
Eurofly Service,GJ,EEU,EUROFLY,Italy
Eurolot,K2,ELO,EUROLOT,Poland
Euromanx Airways,3W,EMX,EUROMANX,Austria
European Air Express,EA,EAL,STAR WING,Germany
European Air Transport,QY,BCS,EUROTRANS,Belgium
European Aviation Air Charter,E7,EAF,EUROCHARTER,United Kingdom
Eurowings,EW,EWG,EUROWINGS,Germany
Evergreen International Airlines,EZ,EIA,EVERGREEN,United States
Excel Airways,JN,XLA,EXPO,United Kingdom
Execair Aviation,MB,EXA,CANADIAN EXECAIRE,Canada
Executive Airlines,OW,EXK,EXECUTIVE EAGLE,United States
Expo Aviation,8D,EXV,EXPOAVIA,Sri Lanka
Express One International,EO,LHN,LONGHORN,United States
ExpressJet,XE,BTA,JET LINK,United States
easyJet,U2,EZY,EASY,United Kingdom
Falcon Aviation,IH,,,Sweden
Far Eastern Air Transport,EF,EFA,Far Eastern,Taiwan
Faroejet,F6,RCK,ROCKROSE,Faroe Islands
Faso Airways,F3,FSW,FASO,Burkina Faso
Federal Express,FX,FDX,FEDEX,United States
Fika Salaama Airlines,N8,HGK,SALAAMA,Uganda
Finalair Congo,4S,FNC,FINALAIR CONGO,Republic of the Congo
Finnair,AY,FIN,FINNAIR,Finland
Finncomm Airlines,FC,WBA,WESTBIRD,Finland
Firefly,FY,FFM,FIREFLY,Malaysia
First Air,7F,FAB,,Canada
First Choice Airways,DP,FCA,JETSET,United Kingdom
Fischer Air,8F,FFR,FISCHER,Czech Republic
Flightline,B5,FLT,FLIGHTLINE,United Kingdom
Florida Coastal Airlines,PA,FCL,FLORIDA COASTAL,United States
Florida West International Airways,RF,FWL,FLO WEST,United States
Fly Air,F2,FLM,FLY WORLD,Turkey
Fly Me Sweden,SH,FLY,FLYBIRD,Sweden
AirAsia X,D7,XAX,XANADU,Malaysia
FlyLal,TE,LIL,LITHUANIA AIR,Lithuania
FlyNordic,LF,NDC,NORDIC,Sweden
Flybaboo,F7,BBO,BABOO,Switzerland
Flybe,BE,BEE,JERSEY,United Kingdom
Flyglobespan,B4,GSM,GLOBESPAN,United Kingdom
Formosa Airlines,VY,FOS,,Taiwan
Forward Air International Airlines,BN,,,United States
Four Star Aviation / Four Star Cargo,HK,FSC,FOUR STAR,United States
Freedom Air,FP,FRE,FREEDOM,United States
Frontier Airlines,F9,FFT,FRONTIER FLIGHT,United States
Frontier Flying Service,2F,FTA,FRONTIER-AIR,United States
Futura International Airways,FH,FUA,FUTURA,Spain
GB Airways,GT,GBL,GEEBEE AIRWAYS,United Kingdom
Galaxy Air,7O,GAL,GALAXY,Kyrgyzstan
Galileo International,1G,,,United States
Gambia International Airlines,GC,GNR,GAMBIA INTERNATIONAL,Gambia
Gandalf Airlines,G7,GNF,Gandalf,Italy
Garuda Indonesia,GA,GIA,INDONESIA,Indonesia
Gazpromavia,4G,GZP,GAZPROMAVIA,Russia
Gemini Air Cargo,GR,GCO,GEMINI,United States
Georgian Airways,A9,TGZ,TAMAZI,Georgia
Georgian National Airlines,QB,GFG,NATIONAL,Georgia
Germania,ST,GMI,GERMANIA,Germany
Germanwings,4U,GWI,GERMAN WINGS,Germany
Gestair,GP,GES,GESTAIR,Spain
Ghana International Airlines,G0,GHB,GHANA AIRLINES,Ghana
Go Air,G8,GOW,GOAIR,India
Go One Airways,GK,,,United Kingdom
GoJet Airlines,G7,GJS,GATEWAY,United States
Gol Transportes Aéreos,G3,GLO,GOL TRANSPORTE,Brazil
Golden Air,DC,GAO,GOLDEN,Sweden
Gorkha Airlines,G1,IKA,GORKHA AIRLINES,Nepal
Grant Aviation,GS,GUN,HOOT,United States
Great Lakes Airlines,ZK,GLA,LAKES AIR,United States
Great Wall Airlines,IJ,GWL,GREAT WALL,China
Grupo TACA,TA,TAT,TACA-COSTARICA,Costa Rica
Guine Bissaur Airlines,G6,BSR,BISSAU AIRLINES,Guinea-Bissau
Guinee Airlines,J9,GIF,GUINEE AIRLINES,Guinea
Gujarat Airways,G8,GUJ,GUJARATAIR,India
Gulf Air Bahrain,GF,GBA,GULF BAHRAIN,Bahrain
Guyana Airways 2000,GY,,,
Hageland Aviation Services,H6,HAG,HAGELAND,United States
Hahn Air,HR,HHN,ROOSTER,Germany
Hainan Airlines,HU,CHH,HAINAN,China
Hainan Phoenix Information Systems,1R,,,China
Haiti Ambassador Airlines,2T,HAM,,Haiti
Hamburg International,4R,HHI,HAMBURG JET,Germany
TUIfly,X3,HLX,YELLOW CAB,Germany
Hapagfly,HF,HLF,HAPAG LLOYD,Germany
Harbor Airlines,HB,HAR,HARBOR,United States
Harmony Airways,HQ,HMY,HARMONY,Canada
Hawaiian Airlines,HA,HAL,HAWAIIAN,United States
Hawaiian Pacific Airlines,HP,,,United States
Hawkair,BH,,,Canada
Heavylift Cargo Airlines,HN,HVY,HEAVY CARGO,Australia
Heli France,8H,HFR,HELIFRANCE,France
Helijet,JB,JBA,HELIJET,Canada
Helios Airways,ZU,HCY,HELIOS,Cyprus
Hellas Jet,T4,HEJ,HELLAS JET,Greece
Hello,HW,FHE,FLYHELLO,Switzerland
Helvetic Airways,2L,OAW,HELVETIC,Switzerland
Hemus Air,DU,HMS,HEMUS AIR,Bulgaria
Hewa Bora Airways,EO,ALX,ALLCONGO,Democratic Republic of the Congo
Hex'Air,UD,HER,HEX AIRLINE,France
Hi Fly,5K,HFY,SKY FLYER,Portugal
Hokkaido International Airlines,HD,ADO,AIR DO,Japan
Hola Airlines,H5,HOA,HOLA,Spain
Hong Kong Airlines,HX,CRK,BAUHINIA,Hong Kong SAR of China
Hong Kong Express Airways,UO,HKE,HONGKONG SHUTTLE,Hong Kong SAR of China
Hope Air,HH,,HOPE AIR,Canada
Horizon Air,QX,QXE,HORIZON AIR,United States
Horizon Airlines,BN,HZA,,Australia
Héli Sécurité Helicopter Airlines,H4,,,France
IBC Airways,II,CSQ,CHASQUI,United States
ICAR Airlines,C3,,,Ukraine
INFINI Travel Information,1F,,,Japan
ITA Software,1U,,,United States
Iberia Airlines,IB,IBE,IBERIA,Spain
Iberworld,TY,IWD,,Spain
Ibex Airlines,FW,IBX,IBEX,Japan
Icelandair,FI,ICE,ICEAIR,Iceland
Imair Airlines,IK,ITX,IMPROTEX,Azerbaijan
Independence Air,DH,IDE,INDEPENDENCE AIR,United States
IndiGo Airlines,6E,IGO,IFLY,India
Indian Airlines,IC,IAC,INDAIR,India
Indigo,I9,IBU,INDIGO BLUE,United States
Indonesia AirAsia,QZ,AWQ,WAGON AIR,Indonesia
Indonesian Airlines,IO,IAA,INDO LINES,Indonesia
InteliJet Airways,IJ,IJT,INTELIJET,Colombia
Inter Islands Airlines,H4,IIN,,Cape Verde
Interair South Africa,D6,ILN,INLINE,South Africa
Interavia Airlines,ZA,SUW,ASTAIR,Russia
Intercontinental de Aviaci,RS,ICT,CONTAVIA,Colombia
Interlink Airlines,ID,ITK,INTERLINK,South Africa
International Business Air,6I,IBZ,INTERBIZ,Sweden
Intersky,3L,ISK,INTERSKY,Austria
Interstate Airline,I4,FWA,FREEWAYAIR,Netherlands
Iran Air,IR,IRA,IRANAIR,Iran
Iran Aseman Airlines,EP,IRC,,Iran
Iraqi Airways,IA,IAW,IRAQI,Iraq
Island Airlines,IS,,,United States
Island Express,2S,SDY,SANDY ISLE,United States
Cargo Plus Aviation,8L,CGP,,United Arab Emirates
Islands Nationair,CN,,,Papua New Guinea
Islas Airways,IF,ISW,PINTADERA,Spain
Islena De Inversiones,WC,ISV,,Honduras
Israir,6H,ISR,ISRAIR,Israel
Itali Airlines,9X,ACL,ITALI,Italy
Itek Air,GI,IKA,ITEK-AIR,Kyrgyzstan
Izair,H9,IZM,IZMIR,Turkey
JAL Express,JC,JEX,JANEX,Japan
JALways,JO,JAZ,JALWAYS,Japan
JSC Transport Automated Information Systems,1M,,,Russia
Japan Airlines,JL,JAL,JAPANAIR,Japan
Japan Airlines Domestic,JL,JAL,J-BIRD,Japan
Japan Asia Airways,EG,JAA,ASIA,Japan
Japan Transocean Air,NU,JTA,JAI OCEAN,Japan
Jat Airways,JU,JAT,JAT,Serbia
Jatayu Airlines,VJ,JTY,JATAYU,Indonesia
Jazeera Airways,J9,JZR,JAZEERA,Kuwait
Jeju Air,7C,JJA,JEJU AIR,Republic of Korea
Jet Airways,9W,JAI,JET AIRWAYS,India
Jet Airways,QJ,,,United States
Jetclub,0J,,,Switzerland
Jetstar Asia Airways,3K,JSA,JETSTAR ASIA,Singapore
Jet2.com,LS,EXS,CHANNEX,United Kingdom
Jet4You,8J,JFU,ARGAN,Morocco
JetBlue Airways,B6,JBU,JETBLUE,United States
Jetairfly,JF,JAF,BEAUTY,Belgium
Jetclub,0J,JCS,JETCLUB,Switzerland
JetsGo,SG,JGO,JETSGO,Canada
Jetstar Airways,JQ,JST,JETSTAR,Australia
Jett8 Airlines Cargo,JX,JEC,,Singapore
Jetx Airlines,GX,JXX,JETBIRD,Iceland
Jordan Aviation,R5,JAV,JORDAN AVIATION,Jordan
Juneyao Airlines,HO,DKH,JUNEYAO AIRLINES,China
KD Avia,KD,KNI,KALININGRAD AIR,Russia
KLM Cityhopper,WA,KLC,CITY,Netherlands
KLM Royal Dutch Airlines,KL,KLM,KLM,Netherlands
Kabo Air,N2,QNK,KABO,Nigeria
Kalitta Air,K4,CKS,CONNIE,United States
Kam Air,RQ,KMF,KAMGAR,Afghanistan
Kampuchea Airlines,E2,KMP,KAMPUCHEA,Cambodia
Karat,V2,AKT,AVIAKARAT,Russia
Kavminvodyavia,KV,MVD,AIR MINVODY,Russia
Kenmore Air,M5,KEN,KENMORE,United States
Kenya Airways,KQ,KQA,KENYA,Kenya
Keystone Air Services,BZ,KEE,KEYSTONE,Canada
Kingfisher Airlines,IT,KFR,KINGFISHER,India
Kish Air,Y9,IRK,KISHAIR,Iran
Kiwi International Air Lines,KP,KIA,KIWI AIR,United States
Kogalymavia Air Company,7K,KGL,KOGALYM,Russia
Komiinteravia,8J,KMV,KOMIINTER,Russia
Korean Air,KE,KAL,KOREANAIR,Republic of Korea
Krasnojarsky Airlines,7B,KJC,KRASNOJARSKY AIR,Russia
Krylo Airlines,K9,KRI,Krylo,Russia
Kuban Airlines,GW,KIL,AIR KUBAN,Russia
Kunpeng Airlines,VD,KPA,KUNPENG,China
Kuwait Airways,KU,KAC,KUWAITI,Kuwait
Kuzu Airlines Cargo,GO,KZU,KUZU CARGO,Turkey
Kyrgyz Airlines,N5,KGZ,BERMET,Kyrgyzstan
Kyrgyzstan,QH,LYN,ALTYN AVIA,Kyrgyzstan
Kyrgyzstan Airlines,R8,KGA,KYRGYZ,Kyrgyzstan
Kibris T,KY,KYV,AIRKIBRIS,Turkey
L.A.B. Flying Service,JF,LAB,LAB,United States
LACSA,LR,LRC,LACSA,Costa Rica
LAI - Linea Aerea IAACA,KG,BNX,AIR BARINAS,Venezuela
LAN Airlines,LA,LAN,LAN,Chile
LAN Argentina,4M,DSM,LAN AR,Argentina
LAN Express,LU,LXP,LANEX,Chile
LAN Peru,LP,LPE,LANPERU,Peru
LOT Polish Airlines,LO,LOT,POLLOT,Poland
LTE International Airways,XO,LTE,FUN JET,Spain
LTU Austria,L3,LTO,BILLA TRANSPORT,Austria
LTU International,LT,LTU,LTU,Germany
Lagun Air,N6,JEV,,Spain
Lankair,IK,LKN,Lankair,Sri Lanka
Lao Airlines,QV,LAO,LAO,Lao Peoples Democratic Republic
Laoag International Airlines,L7,LPN,LAOAG AIR,Philippines
Lauda Air,NG,LDA,LAUDA AIR,Austria
Lebanese Air Transport,LQ,LAQ,LAT,Lebanon
Leeward Islands Air Transport,LI,LIA,LIAT,Antigua and Barbuda
Libyan Arab Airlines,LN,LAA,LIBAIR,Libya
Linea Aerea SAPSA,L7,LNP,SAPSA,Chile
Linea Aerea de Servicio Ejecutivo Regional,8z,LER,LASER,Venezuela
Linea Turistica Aerotuy,LD,TUY,AEREOTUY,Venezuela
Lineas Aereas Azteca,ZE,LCD,LINEAS AZTECA,Mexico
Linhas A,LM,LAM,MOZAMBIQUE,Mozambique
Lion Mentari Airlines,JT,LNI,LION INTER,Indonesia
Livingston,LM,LVG,LIVINGSTON,Italy
Lloyd Aereo Boliviano,LB,LLB,LLOYDAEREO,Bolivia
Luftfahrtgesellschaft Walter,HE,LGW,WALTER,Germany
Lufthansa,LH,DLH,LUFTHANSA,Germany
Lufthansa Cargo,LH,GEC,LUFTHANSA CARGO,Germany
Lufthansa CityLine,CL,CLH,HANSALINE,Germany
Lufthansa Systems,L1,,,Germany
Lufttaxi Fluggesellschaft,DV,LTF,Garfield,Germany
Lufttransport,L5,LTR,LUFT TRANSPORT,Norway
Luxair,LG,LGL,LUXAIR,Luxembourg
Lviv Airlines,5V,UKW,UKRAINE WEST,Ukraine
Lynden Air Cargo,L2,LYC,LYNDEN,United States
L,MJ,LPR,LAPA,Argentina
MasAir,M7,MAA,MAS CARGA,Mexico
MAT Macedonian Airlines,IN,MAK,MAKAVIO,Macedonia
MIAT Mongolian Airlines,OM,MGL,MONGOL AIR,Mongolia
MNG Airlines,MB,MNB,BLACK SEA,Turkey
Macair Airlines,CC,MCK,,Australia
Maersk,DM,,,Denmark
Mahan Air,W5,IRM,MAHAN AIR,Iran
Mahfooz Aviation,M2,MZS,MAHFOOZ,Gambia
Malaysia Airlines,MH,MAS,MALAYSIAN,Malaysia
Malmö Aviation,TF,SCW,Scanwings,Sweden
Malta Air Charter,R5,MAC,MALTA CHARTER,Malta
Malév,MA,MAH,MALEV,Hungary
Mandala Airlines,RI,MDL,MANDALA,Indonesia
Mandarin Airlines,AE,MDA,Mandarin,Taiwan
Mango,JE,MNO,TULCA,South Africa
Mars RK,6V,MRW,AVIAMARS,Ukraine
Marsland Aviation,M7,MSL,MARSLANDAIR,Sudan
Martinair,MP,MPH,MARTINAIR,Netherlands
Mastertop Linhas Aereas,Q4,,,Brazil
Mavial Magadan Airlines,H5,MVL,Mavial,Russia
Maxair,8M,MXL,MAXAIR,Sweden
Maxjet Airways,MY,MXJ,MAX-JET,United States
Maya Island Air,MW,MYD,MYLAND,Belize
Menajet,IM,MNJ,MENAJET,Lebanon
Meridiana,IG,ISS,MERAIR,Italy
Merpati Nusantara Airlines,MZ,MNA,MERPATI,Indonesia
Mesa Airlines,YV,ASH,AIR SHUTTLE,United States
Mesaba Airlines,XJ,MES,MESABA,United States
Mexicana de Aviaci,MX,MXA,MEXICANA,Mexico
Miami Air International,GL,BSK,BISCAYNE,United States
Middle East Airlines,ME,MEA,CEDAR JET,Lebanon
Midway Airlines,JI,MDW,MIDWAY,United States
Midwest Airlines,YX,MEP,,United States
Midwest Airlines (Egypt),MY,MWA,,Egypt
Moldavian Airlines,2M,MDV,MOLDAVIAN,Moldova
Monarch Airlines,ZB,MON,MONARCH,United Kingdom
Myway Airlines,8I,,,Italy
Montenegro Airlines,YM,MGX,MONTAIR,Montenegro
Moskovia Airlines,3R,GAI,GROMOV AIRLINE,Russia
Motor Sich,M9,MSI,MOTOR SICH,Ukraine
Mount Cook Airlines,NM,NZM,MOUNTCOOK,New Zealand
Mountain Air Company,N4,MTC,MOUNTAIN LEONE,Sierra Leone
MyTravel Airways,VZ,MYT,KESTREL,United Kingdom
Myanma Airways,UB,UBA,UNIONAIR,Myanmar
Myanmar Airways International,8M,MMM,assignment postponed,Myanmar
Nantucket Airlines,DV,ACK,ACK AIR,United States
Nas Air,P9,,,Mali
Nasair,UE,NAS,NASAIRWAYS,Eritrea
National Airlines,N4,NCN,,Chile
National Airlines,N7,ROK,RED ROCK,United States
National Airlines,NA,NAL,NATIONAL,United States
National Airways Cameroon,9O,,,Cameroon
National Jet Systems,NC,NJS,NATIONAL JET,Australia
Nationwide Airlines,CE,NTW,NATIONWIDE,South Africa
Nauru Air Corporation,ON,RON,AIR NAURU,Nauru
Navitaire,1N,,,United States
Nepal Airlines,RA,RNA,ROYAL NEPAL,Nepal
Neos,NO,NOS,MOONFLOWER,Italy
NetJets,1I,EJA,EXECJET,United States
New England Airlines,EJ,NEA,NEW ENGLAND,United States
NextJet,2N,NTJ,NEXTJET,Sweden
Niki,HG,NLY,FLYNIKI,Austria
Nippon Cargo Airlines,KZ,NCA,NIPPON CARGO,Japan
Nok Air,DD,NOK,NOK AIR,Thailand
Nordeste Linhas Aereas Regionais,JH,NES,NORDESTE,Brazil
Nordic Regional,6N,NRD,NORTH RIDER,Sweden
North Coast Aviation,N9,,,Papua New Guinea
North Flying,M3,NFA,NORTH FLYING,Denmark
North-Wright Airways,HW,NWL,NORTHWRIGHT,Canada
Northern Air Cargo,NC,NAC,YUKON,United States
Northern Dene Airways,U7,,,Canada
Northwest Airlines,NW,NWA,NORTHWEST,United States
Northwest Regional Airlines,FY,NWR,,Australia
Northwestern Air,J3,PLR,POLARIS,Canada
Norwegian Air Shuttle,DY,NAX,NOR SHUTTLE,Norway
Nouvel Air Tunisie,BJ,LBT,NOUVELAIR,Tunisia
Nova Airline,M4,NOV,NOVANILE,Sudan
Novair,1I,NVR,NAVIGATOR,Sweden
Nuevo Continente,N6,ACQ,AERO CONTINENTE,Peru
Nas Air,XY,KNE,NAS EXPRESS,Saudi Arabia
O'Connor Airlines,UQ,OCM,OCONNOR,Australia
OAG,CR,,,United Kingdom
Oasis Hong Kong Airlines,O8,OHK,OASIS,Hong Kong
Ocean Airlines,VC,VCX,OCEANCARGO,Italy
Oceanair,O6,ONE,OCEANAIR,Brazil
Oceanic Airlines,O2,,,Guinea
Olympic Airlines,OA,OAL,OLYMPIC,Greece
Oman Air,WY,OMA,OMAN AIR,Oman
Omni Air International,OY,OAE,OMNI-EXPRESS,United States
Omskavia Airline,N3,OMS,OMSK,Russia
Onur Air,8Q,OHY,ONUR AIR,Turkey
Orenburg Airlines,R2,ORB,ORENBURG,Russia
Orient Thai Airlines,OX,OEA,ORIENT THAI,Thailand
Origin Pacific Airways,QO,OGN,ORIGIN,New Zealand
Ostfriesische Lufttransport,OL,OLT,OLTRA,Germany
Our Airline,ON,RON,OUR AIRLINE,Nauru
Overland Airways,OJ,OLA,OVERLAND,Nigeria
Ozark Air Lines,OZ,OZR,OZARK,United States
Ozjet Airlines,O7,OZJ,AUSJET,Australia
PAN Air,PV,PNR,SKYJET,Spain
PB Air,9Q,PBA,PEEBEE AIR,Thailand
PLUNA,PU,PUA,PLUNA,Uruguay
PMTair,U4,PMT,MULTITRADE,Cambodia
Pace Airlines,Y5,PCE,PACE,United States
Jetstar Pacific,BL,PIC,PACIFIC AIRLINES,Vietnam
Pacific Blue,DJ,PBN,BLUEBIRD,New Zealand
Pacific Coastal Airline,8P,PCO,PASCO,Canada
Pacific East Asia Cargo Airlines,Q8,PEC,PAC-EAST CARGO,Philippines
Pacific Southwest Airlines,PS,PSX,SMILEY,United States
Pacific Wings,LW,NMI,TSUNAMI,United States
Pacificair,GX,,,Philippines
Pakistan International Airlines,PK,PIA,PAKISTAN,Pakistan
Palau Trans Pacific Airline,GP,PTP,TRANS PACIFIC,Palau
Palestinian Airlines,PF,PNW,PALESTINIAN,Egypt
Pamir Airways,NR,PIR,PAMIR,Afghanistan
Pan American Airways,PA,PAA,,United States
Pan American World Airways,PA,PAA,CLIPPER,United States
Panafrican Airways,PQ,PNF,PANWAYS,Ivory Coast
Pantanal Linhas Aéreas,P8,PTN,PANTANAL,Brazil
Paramount Airways,I7,PMW,PARAWAY,India
Pearl Airways,HP,HPA,PEARL AIRWAYS,Haiti
Pegasus Airlines,PC,PGT,SUNTURK,Turkey
Pegasus Hava Tasimaciligi,1I,,,Turkey
Peninsula Airways,KS,PEN,PENINSULA,United States
Perm Airlines,P9,PGP,PERM AIR,Russia
Philippine Airlines,PR,PAL,PHILIPPINE,Philippines
Phoenix Airways,HP,,,Switzerland
Phuket Air,9R,VAP,PHUKET AIR,Thailand
Piedmont Airlines (1948-1989),PI,PDT,PIEDMONT,United States
Pinnacle Airlines,9E,FLG,FLAGSHIP,United States
Polar Air Cargo,PO,PAC,POLAR,United States
Polynesian Airlines,PH,PAO,POLYNESIAN,Samoa
Polynesian Blue,DJ,PLB,POLYBLUE,New Zealand
Polyot Sirena,1U,,,Russia
Porter Airlines,PD,POE,PORTER AIR,Canada
Portugalia,NI,PGA,PORTUGALIA,Portugal
Potomac Air,BK,PDC,DISTRICT,United States
Precision Air,PW,PRF,PRECISION AIR,Tanzania
President Airlines,TO,PSD,,Cambodia
Primaris Airlines,FE,WCP,WHITECAP,United States
Princess Air,8Q,,,
Private Wings Flugcharter,8W,PWF,PRIVATE WINGS,Germany
Proflight Commuter Services,P0,,,Zambia
Qantas,QF,QFA,QANTAS,Australia
Qatar Airways,QR,QTR,QATARI,Qatar
RACSA,R6,,,Guatemala
Radixx Solutions International,1D,,,United States
Redhill Aviation,8L,RHC,REDAIR,United Kingdom
Reem Air,V4,REK,REEM AIR,Kyrgyzstan
Regional Airlines,FN,,,Morocco
Regional Express,ZL,RXA,REX,Australia
RegionsAir,3C,CEA,CORP-X,United States
Reno Air,QQ,ROA,RENO AIR,United States
Republic Airlines,RW,RPA,BRICKYARD,United States
Republic Express Airlines,RH,RPH,PUBLIC EXPRESS,Indonesia
Rico Linhas A,C7,RLE,RICO,Brazil
Rio Grande Air,E2,GRN,GRANDE,United States
Rio Sul Servi,SL,RSL,RIO SUL,Brazil
Rossiya,R4,,,Russia
Air Rarotonga,GZ,RAR,,Cook Islands
Royal Air Force,RR,RFR,RAFAIR,United Kingdom
Royal Air Force of Oman,RS,MJN,MAJAN,Oman
Royal Air Maroc,AT,RAM,ROYALAIR MAROC,Morocco
Royal Airlines,R0,RPK,ROYAL PAKISTAN,Pakistan
Royal Aruban Airline,V5,RYL,ROYAL ARUBAN,Aruba
Royal Brunei Airlines,BI,RBA,BRUNEI,Brunei
Royal Jordanian,RJ,RJA,JORDANIAN,Jordan
Royal Khmer Airlines,RK,RKH,KHMER AIR,Cambodia
Royal Nepal Airlines,RA,RNA,ROYAL NEPAL,Nepal
Royal Tongan Airlines,WR,HRH,TONGA ROYAL,Tonga
Russian Sky Airlines,P7,ESL,RADUGA,Russia
Rwandair Express,WB,RWD,RWANDAIR,Rwanda
Ryan International Airlines,RD,RYN,RYAN INTERNATIONAL,United States
Ryanair,FR,RYR,RYANAIR,Ireland
Régional,YS,RAE,REGIONAL EUROPE,France
SATA International,S4,RZO,AIR AZORES,Portugal
South African Airways,SA,SAA,SPRINGBOK,South Africa
Shaheen Air International,NL,SAI,SHAHEEN AIR,Pakistan
Scandinavian Airlines System,SK,SAS,SCANDINAVIAN,Sweden
S7 Airlines,S7,SBI,SIBERIAN AIRLINES,Russia
Seaborne Airlines,BB,SBS,SEABORNE,United States
SriLankan Airlines,UL,ALK,SRILANKAN,Sri Lanka
Sun Country Airlines,SY,SCX,SUN COUNTRY,United States
Sky Express,G3,SEH,AIR CRETE,Greece
Spicejet,SG,SEJ,SPICEJET,India
Sky Eyes,I6,SEQ,SKY EYES,Thailand
SAETA,EH,SET,SAETA,Ecuador
Star Flyer,7G,SFJ,STARFLYER,Japan
Safair,FA,SFR,CARGO,South Africa
Skagway Air Service,N5,SGY,SKAGWAY AIR,United States
SATA Air Acores,SP,SAT,SATA,Portugal
Scorpio Aviation,8S,,,
Singapore Airlines,SQ,SIA,SINGAPORE,Singapore
Sibaviatrans,5M,SIB,SIBAVIA,Russia
Skynet Airlines,SI,SIH,BLUEJET,Ireland
SITA,XS,SIT,,Belgium
Sriwijaya Air,SJ,SJY,SRIWIJAYA,Indonesia
Sama Airlines,ZS,SMY,NAJIM,Saudi Arabia
Singapore Airlines Cargo,SQ,SQC,SINGCARGO,Singapore
Siem Reap Airways,FT,SRH,SIEMREAP AIR,Cambodia
Sky Work Airlines,SX,SRK,SKYFOX,Switzerland
Swedline Express,SM,SRL,Starline,Sweden
South East Asian Airlines,DG,SRQ,SEAIR,Philippines
SwedJet Airways,VD,BBB,BLACKBIRD,Sweden
Skyservice Airlines,5G,SSV,SKYTOUR,Canada
Servicios de Transportes A,FS,STU,FUEGUINO,Argentina
Sudan Airways,SD,SUD,SUDANAIR,Sudan
Sun Air (Fiji),PI,SUF,SUNFLOWER,Fiji
Sun Air of Scandinavia,EZ,SUS,SUNSCAN,Denmark
Saudi Arabian Airlines,SV,SVA,SAUDIA,Saudi Arabia
Southwest Airlines,WN,SWA,SOUTHWEST,United States
Southern Winds Airlines,A4,SWD,SOUTHERN WINDS,Argentina
Sunwing Airlines,WG,SWG,SUNWING,Canada
Swiss International Air Lines,LX,SWR,SWISS,Switzerland
Swissair,SR,SWR,Swissair,Switzerland
Swe Fly,WV,SWV,FLYING SWEDE,Sweden
Shovkoviy Shlyah,S8,SWW,WAY AERO,Ukraine
SunExpress,XQ,SXS,SUNEXPRESS,Turkey
Syrian Arab Airlines,RB,SYR,SYRIANAIR,Syrian Arab Republic
Skywalk Airlines,AL,SYX,SKYWAY-EX,United States
Silk Way Airlines,ZP,AZQ,SILK LINE,Azerbaijan
Samara Airlines,E5,BRZ,BERYOZA,Russia
Shandong Airlines,SC,CDG,SHANDONG,China
Spring Airlines,9S,CQH,AIR SPRING,China
Sichuan Airlines,3U,CSC,SI CHUAN,China
Shanghai Airlines,FM,CSH,SHANGHAI AIR,China
Shenzhen Airlines,ZH,CSZ,SHENZHEN AIR,China
Shanxi Airlines,8C,CXI,SHANXI,China
Sun D'Or,7L,ERO,ECHO ROMEO,Israel
SkyEurope,NE,ESK,RELAX,Slovakia
Sunshine Express Airlines,CQ,EXL,,Australia
Superior Aviation,SO,HKA,SPEND AIR,United States
Spanair,JK,JKK,SPANAIR,Spain
San Juan Airlines,2G,MRR,MARINER,United States
Sabre Pacific,1Z,,,Australia
Sabre,1S,,,United States
Sierra Nevada Airlines,1I,,,United States
Siren-Travel,1H,,,Russia
Sirena,1Q,,,Russia
Sky Trek International Airlines,1I,,,
Southern Cross Distribution,1K,,,Australia
Sutra,1K,,,United States
SNCF,2C,,,France
Star Equatorial Airlines,2S,,,Guinea
Spirit Airlines,NK,NKS,SPIRIT WINGS,United States
SATENA,9R,NSE,SATENA,Colombia
Slok Air Gambia,S0,OKS,SLOK GAMBIA,Gambia
Sosoliso Airlines,SO,OSL,SOSOLISO,Nigeria
Sky Trek International Airlines,1I,PZR,PHAZER,United States
Skybus Airlines,SX,SKB,SKYBUS,United States
SkyKing Turks and Caicos Airways,RU,SKI,SKYKING,Turks and Caicos Islands
Santa Barbara Airlines,S3,BBR,SANTA BARBARA,Venezuela
Sky Airline,H2,SKU,AEROSKY,Chile
SkyWest,OO,SKW,SKYWEST,United States
Skyways Express,JZ,SKX,SKY EXPRESS,Sweden
Skymark Airlines,BC,SKY,SKYMARK,Japan
Sierra National Airlines,LJ,SLA,SELAIR,Sierra Leone
SilkAir,MI,SLK,SILKAIR,Singapore
Slovak Airlines,6Q,SLL,SLOV LINE,Slovakia
Surinam Airways,PY,SLM,SURINAM,Suriname
Servant Air,8D,,,United States
Sterling Airlines,NB,SNB,STERLING,Denmark
Skynet Asia Airways,6J,SNJ,NEWSKY,Japan
Solomon Airlines,IE,SOL,SOLOMON,Solomon Islands
Saratov Aviation Division,6W,SOV,SARATOV AIR,Russia
Sat Airlines,HZ,SOZ,SATCO,Kazakhstan
Shuttle America,S5,TCF,MERCURY,United States
Scat Air,DV,VSV,VLASTA,Kazakhstan
Sirin,R1,,,
Star Air,S6,,,Denmark
TAME,EQ,TAE,TAME,Ecuador
TAM Brazilian Airlines,JJ,TAM,TAM,Brazil
TAP Portugal,TP,TAP,AIR PORTUGAL,Portugal
Tunisair,TU,TAR,TUNAIR,Tunisia
TNT Airways,3V,TAY,QUALITY,Belgium
Tropical Airways,M7,TBG,,Haiti
Thai Air Cargo,T2,TCG,THAI CARGO,Thailand
Thomas Cook Airlines,FQ,TCW,THOMAS COOK,Belgium
Thomas Cook Airlines,MT,TCX,KESTREL,United Kingdom
Tandem Aero,TQ,TDM,TANDEM,Moldova
Teamline Air,L9,TLW,Teamline,Austria
Transeuropean Airlines,UE,TEP,TRANSEURLINE,Russia
Titan Airways,ZT,AWC,ZAP,United Kingdom
Tiger Airways,TR,TGW,GO CAT,Singapore
Tiger Airways Australia,TT,TGW,GO CAT,Australia
Thai Airways International,TG,THA,THAI,Thailand
Thai AirAsia,FD,AIQ,THAI ASIA,Thailand
Turkish Airlines,TK,THY,TURKAIR,Turkey
Twin Jet,T7,TJT,TWINJET,France
Thai Sky Airlines,9I,TKY,THAI SKY,Thailand
Tulip Air,TD,TLP,TULIPAIR,Netherland
Trans Mediterranean Airlines,TL,TMA,TANGO LIMA,Lebanon
Tri-MG Intra Asia Airlines,GY,TMG,TRILINES,Indonesia
Tiara Air,3P,TNM,TIARA,Aruba
Tobruk Air,7T,TOB,TOBRUK AIR,Libya
Tol-Air Services,TI,TOL,TOL AIR,United States
Thomsonfly,BY,TOM,TOMSON,United Kingdom
Tropic Air,PM,TOS,TROPISER,Belize
Tower Air,FF,TOW,TEE AIR,United States
TAMPA,QT,TPA,TAMPA,Colombia
TransAsia Airways,GE,TNA,TransAsia,Taiwan
Transavia Holland,HV,TRA,TRANSAVIA,Netherlands
TACV,VR,TCV,CABOVERDE,Portugal
TransMeridian Airlines,T9,TRZ,TRANS-MERIDIAN,United States
Transmile Air Services,TH,TSE,TRANSMILE,Malaysia
Trast Aero,S5,TSJ,TRAST AERO,Kyrgyzstan
Transwest Air,9T,ABS,ATHABASKA,Canada
Transaero Airlines,UN,TSO,TRANSOVIET,Russia
Thai Star Airlines,T9,TSX,THAI STAR,Thailand
Turkmenistan Airlines,T5,TUA,TURKMENISTAN,Turkmenistan
Tuninter,UG,TUI,,Tunisia
Tavrey Airlines,T6,TVR,TAVREY,Ukraine
Travel Service,QS,TVS,SKYTRAVEL,Czech Republic
Trans World Airlines,TW,TWA,TWA,United States
Transaviaexport,AL,TXC,TRANSEXPORT,Belarus
TUIfly Nordic,6B,BLX,BLUESCAN,Sweden
TAAG Angola Airlines,DT,DTA,DTA,Angola
Tassili Airlines,SF,DTH,TASSILI AIR,Algeria
TAM Mercosur,PZ,LAP,PARAGUAYA,Paraguay
Trans States Airlines,AX,LOF,WATERSKI,United States
Travelsky Technology,1E,,,China
Thalys,2H,,,Belgium
Open Skies Consultative Commission,1L,OSY,OPEN SKIES,United States
Tarom,RO,ROT,TAROM,Romania
Turan Air,3T,URN,TURAN,Azerbaijan
TRIP Linhas A,8R,TIB,TRIP,Brazil
Transports et Travaux A,OF,,,
USA3000 Airlines,U5,GWY,GETAWAY,United States
United Airlines,UA,UAL,UNITED,United States
United Feeder Service,U2,,,United States
USA Jet Airlines,U7,JUS,JET USA,United States
Ural Airlines,U6,SVR,SVERDLOVSK AIR,Russia
UM Airlines,UF,UKM,UKRAINE MEDITERRANEE,Ukraine
Ukrainian Cargo Airways,6Z,UKS,CARGOTRANS,Ukraine
United Parcel Service,5X,UPS,UPS,United States
US Airways,US,USA,U S AIR,United States
UTair Aviation,UT,UTA,UTAIR,Russia
Uzbekistan Airways,HY,UZB,UZBEK,Uzbekistan
Ukraine International Airlines,PS,AUI,UKRAINE INTERNATIONAL,Ukraine
US Helicopter Corporation,UH,,,United States
V Australia Airlines,VA,VAU,KANGA,Australia
Valuair,VF,VLU,VALUAIR,Singapore
Voyageur Airways,VC,VAL,VOYAGEUR,Canada
Vietnam Airlines,VN,HVN,VIET NAM AIRLINES,Vietnam
VIM Airlines,NN,MOV,MOV AIR,Russia
VIA Rail Canada,2R,,,Canada
Viasa,VA,,,Venezuela
Volaris,Y4,VOI,VOLARIS,Mexico
Volga-Dnepr Airlines,VI,VDA,VOLGA-DNEPR,Russia
Virgin America,VX,VRD,REDWOOD,United States
Virgin Express,TV,VEX,VIRGIN EXPRESS,Belgium
Virgin Nigeria Airways,VK,VGN,VIRGIN NIGERIA,Nigeria
Virgin Atlantic Airways,VS,VIR,VIRGIN,United Kingdom
Viva Macau,ZG,VVM,JACKPOT,Macao
Volare Airlines,VE,VLE,VOLA,Italy
Vueling Airlines,VY,VLG,VUELING,Spain
Vladivostok Air,XF,VLK,VLADAIR,Russia
Varig Log,LC,VLO,VELOG,Brazil
Viaggio Air,VM,VOA,VIAGGIO,Bulgaria
Virgin Australia,VA,VOZ,VIRGIN,Australia
Virgin Blue,DJ,VBI,BLUEY,Australia
VRG Linhas Aereas,RG,VRN,VARIG,Brazil
VASP,VP,VSP,VASP,Brazil
VLM Airlines,VG,VLM,RUBENS,Belgium
Wayraper,7W,,WAYRAPER,Peru
WebJet Linhas A,WJ,WEB,WEB-BRASIL,Brazil
Welcome Air,2W,WLC,WELCOMEAIR,Austria
West Air Sweden,PT,SWN,AIR SWEDEN,Sweden
West Coast Air,8O,,,Canada
WestJet,WS,WJA,WESTJET,Canada
Western Airlines,WA,WAL,WESTERN,United States
Westward Airways,CN,WWD,WESTWARD,United States
Widerøe,WF,WIF,WIDEROE,Norway
Wind Jet,IV,JET,GHIBLI,Italy
Wings Air,IW,WON,WINGS ABADI,Indonesia
Wings of Alaska,K5,WAK,WINGS ALASKA,United States
Wizz Air,W6,WZZ,WIZZ AIR,Hungary
Wizz Air Hungary,8Z,WVL,WIZZBUL,Bulgaria
World Airways,WO,WOA,WORLD,United States
Worldspan,1P,,,United States
Wright Air Service,8V,WRF,WRIGHT FLYER,United States
XL Airways France,SE,SEU,STARWAY,France
Xiamen Airlines,MF,CXA,XIAMEN AIR,China
Xtra Airways,XP,CXP,RUBY MOUNTAIN,United States
Yamal Airlines,YL,LLM,YAMAL,Russia
Yangtze River Express,Y8,YZR,YANGTZE RIVER,China
Yemenia,IY,IYE,YEMENI,Yemen
Zambian Airways,Q3,MBN,ZAMBIANA,Zambia
Zip,3J,WZP,ZIPPER,Canada
Zimex Aviation,C4,IMX,ZIMEX,Switzerland
Zoom Airlines,Z4,OOM,ZOOM,Canada
Tyrolean Airways,\N,TYR,TYROLEAN,\N
buzz,UK,BUZ,\N,\N
Maldivian Air Taxi,8Q,\N,\N,Maldives
Sky Express,XW,SXR,SKYSTORM,Russia
Yellow Air Taxi,Y0,\N,,United States
Royal Air Cambodge,VJ,RAC,,Cambodia
Air Mandalay,6T,\N,Six Tango,Burma
TAN-SAHSA,SH,\N,Sierra Hotel,Honduras
Air Busan,BX,ABL,Air Busan,Republic of Korea
TUI Airlines Belgium,TB,TUB,BEAUTY,Belgium
Braathens,BU,BRA,Braathens,Norway
Globus,GH,GLP,,Russia
Air Kazakhstan,9Y,KZK,Kazakh,Kazakhstan
Japan Air System,JD,JAS,Air System,Japan
Annsett New Zealand (NZA),ZQ,\N,,New Zealand
EasyJet (DS),DS,\N,,Switzerland
Star Peru (2I),2I,\N,,Peru
Carnival Air Lines,KW,\N,Carnival Air,United States
United Airways,4H,UBD,UNITED BANGLADESH,Bangladesh
Trans Maldivian Airways,M8,TMW,,Maldives
Fly540,5H,FFV,SWIFT TANGO,Kenya
Transavia France,TO,TVF,FRENCH SUN,France
Island Air (WP),WP,MKU,,United States
1-2-go,OG,\N,,Thailand
Uni Air,B7,UIA,Glory,Taiwan
Gomelavia,YD,\N,,Belarus
Red Wings,WZ,RWZ,AIR RED,Russia
TUIfly (X3),11,\N,,Germany
Felix Airways,FU,FXX,,Yemen
Kostromskie avialinii,K1,KOQ,,Russia
Greenfly,XX,GFY,,Spain
Tajik Air,7J,\N,,Tajikistan
Air Mozambique,TM,\N,,Mozambique
ELK Airways,--,ELK,,Estonia
Gabon Airlines,GY,GBK,GABON AIRLINES,Gabon
Maldivo Airlines,ML,MAV,Maldivo,Maldives
Virgin Pacific,VH,VNP,,Fiji
Zest Air,Z2,\N,,Philippines
Yangon Airways,HK,\N,Hotel Kilo,Burma
Transport Aérien Transrégional,IJ,\N,,France
Minerva Airlines,N4,\N,,Italy
Eastar Jet,ZE,ESR,Eastar,South Korea
Jin Air,LJ,JNA,Jin Air,South Korea
Aéris (Priv),SH,\N,,France
Air Arabia Maroc,3O,\N,Air Arabia,Morocco
Baltic Air lines,B1,BA1,Baltic,Latvia
Ciel Canadien,YC,YCC,Ciel,Canada
Canadian National Airways,CN,YCP,CaNational,Canada
Epic Holiday,FA,4AA,Epic,United States
Air Comet Chile,3I,\N,,Chile
Voronezhskie Airlanes,DN,\N,,Russia
Line Blue,L8,LBL,Bluebird,Germany
Blue Sky America,BU,BKY,,United States
Texas Spirit,XS,TXP,,United States
Illinois Airways,IL,ILW,,United States
Salzburg arrows,SZ,\N,SZA,Austria
Texas Wings,TQ,TXW,TXW,United States
California Western,KT,CWS,,United States
Dennis Sky,DH,DSY,DSY,Israel
Zz,ZZ,\N,,Belgium
Atifly,A1,A1F,atifly,United States
Air UK,UK,\N,,United Kingdom
Suckling Airways,CB,\N,,United Kingdom
Reno Sky,RY,\N,,United States
Ciao Air,99,\N,,Italy
Birmingham European,VB,\N,,United Kingdom
Pal airlines,5P,\N,,Chile
CanXpress,C1,CA1,CAX,Canada
Danube Wings (V5),V5,\N,,Slovakia
Sharp Airlines,SH,SHA,SHARP,Australia
CanXplorer,C2,CAP,,Canada
Click (Mexicana),QA,\N,,Mexico
World Experience Airline,W1,WE1,WEA,Canada
ALAK,J4,\N,,Russia
AJT Air International,E9,\N,,Russia
Air Choice One,3E,\N,,United States
China United,KN,\N,,China
Locair,ZQ,LOC,LOCAIR,United States
Safi Airlines,4Q,\N,,Afghanistan
SeaPort Airlines,K5,SQH,SASQUATCH,United States
Salmon Air,S6,\N,,United States
Fly Illi,IL,ILY,,United States
Star1 Airlines,V9,HCW,,Lithuania
Pelita,6D,\N,,Indonesia
Alpi Eagles (E8),E8,\N,,Italy
Alaska Seaplane Service,J5,\N,,United States
TAN,T8,\N,,Argentina
MexicanaLink,I6,MXI,LINK,Mexico
Island Spirit,IP,ISX,,Iceland
TACA Peru,T0,\N,TACA PERU,Peru
Pan Am World Airways Dominicana,7Q,\N,PAWA,Dominican Republic
Primera Air,PF,\N,PRIMERA,Iceland
Air Antilles Express,3S,\N,GREEN BIRD,Guadeloupe
Regional Paraguaya,P7,REP,REGIOPAR,Paraguay
VIP Ecuador,V6,\N,,Ecuador
Peruvian Airlines,P9,\N,,Peru
Polar Airlines,ЯП,\N,,Russia
Catovair,OC,\N,CATOVAIR,Mauritius
Halcyonair,7Z,\N,CREOLE,Cape Verde
Business Aviation,4P,\N,AFRICAN BUSINESS,Congo (Kinshasa)
Compagnie Africaine d\\'Aviation,E9,\N,AFRICOMPANY,Congo (Kinshasa)
Zambia Skyways,K8,\N,ZAMBIA SKIES,Zambia
AlMasria Universal Airlines,UJ,LMU,ALMASRIA,Egypt
SmartLynx Airlines,6Y,\N,,Latvia
KoralBlue Airlines,K7,KBR,KORAL BLUE,Egypt
Elysian Airlines,E4,GIE,,Cameroon
Hellenic Imperial Airways,HT,IMP,IMPERIAL,Greece
Amsterdam Airlines,WD,AAN,AMSTEL,Netherlands
Arik Niger,Q9,NAK,,Niger
Dana Air,DA,\N,DANACO,Nigeria
STP Airways,8F,STP,SAOTOME AIRWAYS,Sao Tome and Principe
Med Airways,7Y,\N,FLYING CARPET,Lebanon
Skyjet Airlines,UQ,SJU,SKYJET,Uganda
Air Volga,G6,\N,GOUMRAK,Russia
Royal Falcon,RL,RFJ,,Jordan
Euroline,4L,MJX,GEO-LINE,Georgia
Worldways,WG,WGC,,Canada
Athens Airways,ZF,\N,ATHENSAIR,Greece
Viking Hellas,VQ,VKH,DELPHI,Greece
Starline.kz,DZ,\N,ALUNK,Kazakhstan
Euro Harmony,EH,EHM,,Portugal
Lugansk Airlines,L7,\N,ENTERPRISE LUHANSK,Ukraine
Gryphon Airlines,6P,\N,,United States
Gadair European Airlines,GP,GDR,GADAIR,Spain
Spirit of Manila Airlines,SM,MNP,MANILA SKY,Philippines
Chongqing Airlines,OQ,CQN,CHONG QING,China
West Air China,PN,CHB,WEST CHINA,China
Falcon Air (IH),IH,\N,,Sweden
QatXpress,C3,QAX,,Qatar
OneChina,1C,1CH,,China
NordStar Airlines,Y7,\N,,Russia
Joy Air,JR,JOY,JOY AIR,China
Air India Regional,CD,\N,ALLIED,India
MDLR Airlines,9H,\N,MDLR,India
Maldivian,Q2,\N,ISLAND AVIATION,Maldives
Xpressair,XN,\N,,Indonesia
Strategic Airlines,VC,\N,,Australia
Al-Naser Airlines,NA,\N,,Iraq
Fuji Dream Airlines,JH,\N,FUJI DREAM,Japan
SGA Airlines,5E,\N,SIAM,Thailand
Air2there,F8,\N,,New Zealand
Avianova (Russia),AO,\N,Nova,Russia
Parmiss Airlines (IPV),PA,IPV,IPV,Iran
EuropeSky,ES,EUV,EuropeSky,Germany
BRAZIL AIR,GB,BZE,BRAZIL AIR,Brazil
Homer Air,MR,OME,,Germany
Court Line,??,???,,United Kingdom
South West Africa Territory Force,??,***,,Namibia
Lombards Air,++,---,,South Africa
U.S. Air,-+,--+,,United States
Flitestar,GM,Err:510,,South Africa
Llloyd Helicopters,::,:::,,Australia
Wilderness Air,;;,\N,,Australia
Whitaker Air,^^,\N,,Australia
PanAm World Airways,WQ,PQW,,United States
Virginwings,YY,VWA,,Germany
KSY,KY,KSY,KSY,Greece
Buquebus Líneas Aéreas,BQ,BQB,,Uruguay
SOCHI AIR,CQ,KOL,SLOW FROG,Russia
Wizz Air Ukraine,WU,WAU,WIZZAIR UKRAINE,Ukraine
88,47,VVN,,Cyprus
LCM AIRLINES,LQ,LMM,,Russia
Aero Brazil,BZ,BZL,,Brazil
Cambodia Angkor Air (K6),K6,\N,,Cambodia
Skyline nepc,D5,\N,,India
THREE,H3,T33,,China
Royal European Airlines,69,\N,,United Kingdom
Tom\\'s & co airliners,&T,T&O,T&,France
Azul,AD,AZU,,Brazil
LSM Airlines,PQ,LOO,slowbird,Russia
LionXpress,C4,LIX,LIX,Cameroon
Nik Airways,X1,\N,,Saudi Arabia
Genesis,GK,\N,,Pakistan
Congo Express,XZ,\N,EXPRESSWAYS,Congo (Kinshasa)
Fly Dubai,FZ,FDB,,United Arab Emirates
Domenican Airlines,D1,MDO,Domenican,Dominican Republic
Air Atlantic,9A,\N,Atlantic,Canada
Air Ops,CR,\N,,Sweden
Aereonautica militare,JY,AXZ,,Italy
LSM AIRLINES ,YZ,YZZ,Moscow frog ,Russia
Aero Lloyd (YP),YP,AEF,,Germany
UTair-Express,UR,\N,,Russia
Huaxia,G5,\N,,China
Zabaykalskii Airlines,ZP,ZZZ,Lakeair,Russia
Marysya Airlines,M4,1QA,MARSHAK AIR,Russia
N1,N1,\N,,Peru
Airlink (SAA),4Z,\N,,South Africa
JobAir,3B,\N,,Czech Republic
Zuliana de Aviacion,OD,ULA,,Venezuela
Black Stallion Airways,BZ,BSA,Stallion,United States
German International Air Lines,GM,GER,,Germany
TrasBrasil,TB,TBZ,,Brazil
TransBrasil Airlines,TH,THS,,Brazil
China SSS,9C,\N,,China
Nihon.jet,NJ,\N,,Japan
Transportes Aéreos Nacionales de Selva,TJ,\N,Aereos Selva,Peru
Air Mekong,P8,MKG,Air Mekong,Vietnam
Harbour Air (Priv),H3,\N,,Canada
Air Hamburg (AHO),HH,AHO,Air Hamburg,Germany
ZABAIKAL AIRLINES,Z6,ZTT,BAIKAL ,Russia
TransHolding,TI,THI,,Brazil
Yeti Airways,YT,\N,,Nepal
Yellowstone Club Private Shuttle,Y1,\N,YCS,United States
Caucasus Airlines,NS,\N,,Georgia
Serbian Airlines,S1,SA1,,Serbia
Windward Islands Airways,WM,\N,Winair,Netherlands Antilles
TransHolding System,YO,TYS,,Brazil
CCML Airlines,CB,CCC,,Colombia
Air Charter International,SF,\N,,France
Fly Brasil,F1,FBL,FBL,Brazil
CB Airways UK ( Interliging Flights ),1F,CIF,,United Kingdom
Fly Colombia ( Interliging Flights ),3F,3FF,,Colombia
Trans Pas Air,T6,TP6,,United States
KMV,МИ,\N,Air Minvody,Russia
Himalayan Airlines,HC,HYM,Himalayan,Nepal
Indya Airline Group,G1,IG1,Indya1,India
Sunwing,WG,\N,sunwing,Canada
Japan Regio,ZX,ZXY,,Japan
Norte Lineas Aereas,N0,\N,,Argentina
Austral Brasil,W7,\N,,Brazil
PEGASUS AIRLINES-,H9,\N,,Turkey
AirLiberté,IJ,\N,,France
Camair-co,QC,\N,,Cameroon
Aerocontinente (Priv),N6,\N,,Peru
Sky Regional,RS,SKV,Sky Regional,Canada
TUR Avrupa Hava YollarÄ±,YI,\N,TurAvrupa,Turkey
LSM International ,II,UWW,moose,Russia
Baikotovitchestrian Airlines ,BU,BUU,,American Samoa
Luchsh Airlines ,L4,LJJ,russian sky,Russia
Zimbabwean Airlines,Z7,\N,,Zimbabwe
Air Cargo Germany,6U,\N,Loadmaster,Germany
Mongolian International Air Lines ,7M,ZTF,Mongol_AIr ,Mongolia
Alaniya Airlines,2D,\N,,Russia
Tway Airlines,TW,TWB,TWAY AIR,South Korea
Papillon Grand Canyon Helicopters,HI,\N,,United States
Jusur airways,JX,JSR,,Egypt
NEXT Brasil,XB,NXB,XB,Brazil
AeroWorld ,W4,WER,sovet,Russia
Cook Island Air,KH,\N,,Cook Islands
US Africa Airways,E8,\N,,United States
GNB Linhas Aereas,GN,\N,,Brazil
Usa Sky Cargo,E1,ES2,USKY,United States
Hankook Airline,HN,HNX,HNX,South Korea
Red Jet America,RR,\N,,United States
REDjet,Z7,\N,,Barbados
Hellenic Airways,1H,HEY,Hellenic,Greece
Red Jet Andes,PT,\N,,Peru
Red Jet Canada,QY,\N,,Canada
Red Jet Mexico,4X,\N,,Mexico
Marusya Airways,Y8,MRS,snowball,Russia
Era Alaska,7H,ERR,ERAH,United States
AirRussia,R8,RRJ,russiancloud,Russia
Hankook Air US,H1,HA1,,United States
NEPC Airlines,D5,\N,,India
Canadian World,10,CNN,Canadian,Canada
I-Fly,H5,RSY,RUSSIAN SKY,Russia
T.A.T,IJ,\N,,France
Alinord,DN,\N,,Italy
Pacific Express,VB,\N,,United States
VickJet,KT,VKJ,Vickjet,France
BVI Airways,XV,\N,,British Virgin Islands
Salsa d\\'Haiti,SO,SLC,SALSA,Haiti
Zambezi Airlines (ZMA),ZJ,\N,,Zambia
Polet Airlines (Priv),YQ,\N,,Russia
TROPICAL LINHAS AEREAS,T1,TP3,,Brazil
12 North,12,N12,12N,India
Mauritania Airlines International,L6,MAI,,Mauritania
MAT Airways,6F,MKD,,Macedonia
Asian Wings Airways,AW,AWM,Asian Star,Burma
Air Arabia Egypt,E5,RBG,,Egypt
Alitalia Cityliner,CT,\N,,Italy
Orchid Airlines,OI,ORC,,Australia
Asia Wings,Y5,AWA,,Kazakhstan
Skywest Australia,XR,\N,,Australia
Nile Air,NP,NIA,NILEBIRD,Egypt
Senegal Airlines,DN,SGG,,Senegal
Fly 6ix,6I,\N,,Sierra Leone
Starbow Airlines,S9,\N,,Ghana
Copenhagen Express,0X,CX0,Copex,Denmark
BusinessAir,8B,BCC,,Thailand
SENIC AIRLINES,YR,\N,,United States
Sky Wing Pacific,C7,CR7,,South Korea
Air Indus,PP,AI0,AIPL,Pakistan
AirOne Polska,U1,1,AOC,Poland
Peach Aviation,MM,\N,Air Peach,Japan
Aviabus,U1,ABI,,Russia
Michael Airlines,DF,MJG,MJG,Puerto Rico
Korongo Airlines,ZC,KGO,KORONGO,Congo (Kinshasa)
Indonesia Sky,I5,IDS,,Indonesia
Pelangi ,9P,\N,,Malaysia
Aws express,B0,666,aws,United States
Southjet,76,SJS,,United States
Southjet connect,77,ZCS,,United States
Air Cape,KP,\N,,South Africa
Southjet cargo,78,XAN,,United States
Iberia Express,I2,IBS,,Spain
Interjet (ABC Aerolineas),4O,\N,INTERJET,Mexico
AirOnix,OG,\N,,Ukraine
Nordic Global Airlines,NJ,NGB,Nordic Global,Finland
Scoot,TZ,SCO,,Singapore
Starling Airlines Spain,SX,STS,STARLING,Spain
Hi Fly (5K),5K,\N,,Portugal
China Northwest Airlines (WH),WH,\N,,China
Zenith International Airline,ZN,ZNA,ZENITH,Thailand
Orbit Airlines Azerbaijan,O1,OAB,Orbitaz,Azerbaijan
Air Alps Aviation (A6),A6,\N,ALPAV,Austria
Patriot Airways,P4,\N,,United States
Vision Airlines (V2),V2,RBY,RUBY,United States
Chicago Express (C8),C8,\N,,United States
BQB Lineas Aereas,5Q,\N,,Uruguay
Yellowtail,YE,YEL,,United States
Royal Airways,KG,RAW,RAW,United States
FlyHigh Airlines Ireland (FH),FH,FHI,FLYHIRELAND,Ireland
Aero VIP (2D),2D,\N,,Portugal
Yangon Airways Ltd.,YH,\N,,Burma
T.J. Air,TJ,TJA,T.J. Air,United States
SkyWork Airlines ,SX,\N,SKYFOX,Switzerland
ValueJet,J7,VJA,CRITTER,United States
Maastricht Airlines,W2,\N,,Netherlands
CheapFlyingInternational,WL,FQR,cheapflying,France
Aviaexpresscruise,E6,\N,,Russia
Euro Jet,24,\N,,Germany
HQ- Business Express,HQ,\N,BizEx,United States
Royal Southern Airlines.,R1,RS1,RSA,Colombia
SOCHI AIR CHATER,Q3,QER,russian doll,Russia
Denim Air ,J7,\N,DNM,Norway
WestAir,OE,\N,,United States
WestAir Airlines,OE,\N,,United States
WestAir Airlines ,OE,\N,,United States
North Pacific Airlines,NO,\N,,United States
Malindo Air,OD,MXD,Malindo,Malaysia
Tramm Airlines,9F,TLM,9F,Netherlands Antilles
Lina Congo,GC,\N,,Congo (Brazzaville)
Flightlink Tanzania,Z9,\N,,Tanzania
IzAvia,I8,\N,,Russia
3 Valleys Airlines,3V,VA3,3 Valleys,France
Maryland Air,M1,M1F,Maryland Flight,United States
Insel Air (7I/INC) (Priv),7I,\N,,Netherlands Antilles
VivaColombia,5Z,VVC,,Colombia
Apache Air,ZM,IWA,APACHE,United States
MHS Aviation GmbH,M2,\N,,Germany
Jettor Airlines,NR,JTO,JETHAPPY,Hong Kong
GoDutch,GD,GOD,,Netherlands
Thai Lion Air,SL,\N,,Thailand
Deutsche Luftverkehrsgesellschaft,DW,DLT,,Germany
National Air Cargo,N8,NCR,,United States
Eastern Atlantic Virtual Airlines,13,EAV,EAVA,United States
Citilink Indonesia,QG,\N,SUPERGREEN,Indonesia
Gulisano airways,GU,GU1,,Italy
Caribbean Wings,XP,ZYZ,caribbean Wings,Turks and Caicos Islands
Snowbird Airlines,S8,SBD,,Finland
Kharkiv Airlines,KH,KHK,,Ukraine
XAIR USA,XA,XAU,XAIR,United States
Air Costa,LB,\N,,India
Global Freightways,F5,GF5,Freight,United States
XPTO,XP,XPT,XPTO,Portugal
Malawian Airlines,3W,\N,,Malawi
Avilu,..,...,,Switzerland
Air Serbia,JU,ASL,AIR SERBIA,Serbia
Air Lituanica,LT,LTU,LITUANICA,Lithuania
Rainbow Air (RAI),RN,RAB,Rainbow,United States
Rainbow Air Canada,RY,RAY,Rainbow CAN,Canada
Rainbow Air Polynesia,RX,RPO,Rainbow Air,United States
Rainbow Air Euro,RU,RUE,Rainbow Air,United Kingdom
Rainbow Air US,RM,RNY,Rainbow Air,United States
Dobrolet,QD,DOB,DOBROLET,Russia
Spike Airlines,S0,SAL,Spike Air,United States
All Argentina,L1,AL1,,Argentina
All America,A2,AL2,,United States
All Asia,L9,AL3,,China
All Africa,9A,99F,,South Africa
Regionalia México,N4,J88,,Mexico
All Europe,N9,N99,,United Kingdom
All Spain,N7,N77,,Spain
Regional Air Iceland,9N,N78,,Iceland
British Air Ferries,??,??!,,United Kingdom
Voestar,8K,K88,,Brazil
All Colombia,7O,7KK,,Colombia
Regionalia Uruguay,2X,2K2,,Uruguay
Regionalia Venezuela,9X,9XX,,Venezuela
Regionalia Chile,9J,CR1,,Chile
Vuela Cuba,6C,6CC,,Cuba
All Australia,88,8K8,,Australia
Fly Europa,ER,RWW,,Spain
FlyPortugal,PO,FPT,FlyPortugal,Portugal
Spring Airlines Japan,IJ,SJO,,Japan
Dense Airways,KP,DWA,DENSE,United States
Dense Connection,KZ,DC2,DC2,United States
Vuola Italia,4S,VI4,,Italy
Island Express Air,1X,\N,Abby Air,Canada
All Argentina Express,Z0,Z9H,,Argentina
Thai Smile Airways,WE,\N,THAI SMILE,Thailand
International AirLink,I4,\N,,Jamaica
Real Tonga,RT,\N,,Tonga
All America AR,2R,M7A,,Argentina
All America CL,1R,R1R,,Chile
SOCHI AIR EXPRESS,Q4,SAE,ADLER EXPRESS,Russia
All America BR,1Y,A9B,,Brazil
FRA Air,X9,X9F,FA,Germany
Royal,QN,\N,Roy,Canada
GREAT LAKES (GX),GX,\N,,Canada
Volotea Costa Rica,9V,VC9,,Costa Rica
Fly Romania,X5,OTJ,TENDER AIR,Romania
Eagle Atlantic Airlines,E2,\N,,Ghana
All America CO,0Y,7ZC,,Colombia
All America MX,0M,0MM,,Mexico
FOX Linhas Aereas,FX,FOX,,Brazil
Wings of England,EX,..,,
Air Kenya (Priv),QP,\N,,Kenya
Via Conectia Airlines,6V,CZV,,Uruguay
City Airways,E8,GTA,CITY AIR,Thailand
Norwegian Long Haul AS,DU,NLH,NORSTAR,Norway
TransNusa Air,M8,TNU,TRANSNUSA,Indonesia
Tomp Airlines,ZT,T9P,,Chile
OneJet,J1,\N,,United States
Global Airlines,0G,GA0,,Argentina
International Flying Service,F4,\N,,Italy
Air Vistara,UK,VTI,,India
TransRussiaAirlines,1E,RGG,,Russia
Severstal Air Company,D2,\N,,Russia
REXAIR VIRTUEL,RR,RXR,Rexair,France
WestJet Encore,WR,WEN,Encore,Canada
Air Pegasus,OP,PPL,,India
International Europe,9I,INE,,Spain
V Air,ZV,VAX,,Taiwan
Naka Nihon Airlines Service,NV,ALS,,Japan
Islands Express,X9,\N,,United States
Atlantic Air Services,X7,\N,,United States
Boutique Air (Priv),4B,BTQ,,United States
VOLOTEA Airways,V7,VOE,,Spain
Aguilar Connect,3X,GUI,Moonexpress,Chile
ROYAL BRITAIN,7V,ROB,,United Kingdom
INAVIA Internacional,Z5,IIR,,Argentina
Liberty Airways,LE,LTY,,United States
Аэросервис,АЯ,\N,,Russia
Bassaka airlines,5B,BSX,5B,Cambodia
SkyBahamas Airlines,Q7,\N,TROPICAL SKY,Bahamas
UVT Aero,UW,\N,,Russia
Silver Airways (3M),3M,\N,Silver Wings,United States
ATA Airlines (Iran),I3,\N,ATALAR,Iran
VIA Líneas Aéreas,V1,VIA,,Argentina
Palair Macedonia,3D,PMK,,Macedonia
Palair Macedonia (3D),3D,\N,,Macedonia
GermanXL,GX,GXG,,Germany
Fly France,FF,FRF,,France
Europe Jet,EX,EU9,,France
Deutsche Luftverkehrsgesellschaft (DLT),DW,DWD,,Germany
Atlantic Air Cargo,K3,\N,,United States
World Scale Airlines,W3,WSS,,United States
All America US,AG,SSA,,United States
BudgetAir,1K,BG1,,Germany
Fly One,F5,FI5,,Moldova
Nordica,EE,\N,REVAL,Estonia
Dummy,0E,\N,,France
All America BOPY,0P,PYB,BOPY,Paraguay
Air Andaman (2Y),2Y,AOW,AIR ANDAMAN,Thailand
Jetgo Australia,JG,\N,,Australia
Air Carnival,2S,\N,,India
Svyaz Rossiya,7R,SJM,RussianConnecty,Russia